{"cameraMode":{"drawMode":0,"name":"Shaded","section":"Shading Mode"},"sceneLighting":true,"audioPlay":false,"sceneViewState":{"showFog":true,"showMaterialUpdate":false,"showSkybox":true,"showFlares":true,"showImageEffects":true,"showParticleSystems":true,"showVisualEffectGraphs":true,"m_FxEnabled":true},"in2DMode":false,"pivot":{"x":415.3249816894531,"y":92.47111511230469,"z":588.6831665039063},"rotation":{"x":0.15986083447933198,"y":0.036529723554849628,"z":0.012430240400135517,"w":0.9879378080368042},"size":156.99874877929688,"orthographic":false}