{"cameraMode":{"drawMode":0,"name":"Shaded","section":"Shading Mode"},"sceneLighting":true,"audioPlay":false,"sceneViewState":{"showFog":true,"showMaterialUpdate":false,"showSkybox":true,"showFlares":true,"showImageEffects":true,"showParticleSystems":true,"showVisualEffectGraphs":true,"m_FxEnabled":true},"in2DMode":false,"pivot":{"x":1010.025146484375,"y":23.788145065307618,"z":849.9645385742188},"rotation":{"x":0.011678636074066162,"y":0.9870346784591675,"z":-0.13739991188049317,"w":0.08434253931045532},"size":30.792814254760743,"orthographic":false}