{"cameraMode":{"drawMode":0,"name":"Shaded","section":"Shading Mode"},"sceneLighting":true,"audioPlay":false,"sceneViewState":{"showFog":true,"showMaterialUpdate":false,"showSkybox":true,"showFlares":true,"showImageEffects":true,"showParticleSystems":true,"showVisualEffectGraphs":true,"m_FxEnabled":true},"in2DMode":false,"pivot":{"x":101.84429931640625,"y":202.2330780029297,"z":157.2157440185547},"rotation":{"x":-0.12943598628044129,"y":0.46483561396598818,"z":-0.0726027861237526,"w":-0.8737230896949768},"size":0.000024425980882369913,"orthographic":false}