{"cameraMode":{"drawMode":0,"name":"Shaded","section":"Shading Mode"},"sceneLighting":true,"audioPlay":false,"sceneViewState":{"showFog":true,"showMaterialUpdate":false,"showSkybox":true,"showFlares":true,"showImageEffects":true,"showParticleSystems":true,"showVisualEffectGraphs":true,"m_FxEnabled":true},"in2DMode":false,"pivot":{"x":605.9710693359375,"y":-5.8689351081848148,"z":1803.6207275390625},"rotation":{"x":0.01788588985800743,"y":0.2095942348241806,"z":-0.003924412187188864,"w":0.9777044057846069},"size":562.2977905273438,"orthographic":false}