{"cameraMode":{"drawMode":0,"name":"Shaded","section":"Shading Mode"},"sceneLighting":true,"audioPlay":false,"sceneViewState":{"showFog":true,"showMaterialUpdate":false,"showSkybox":true,"showFlares":true,"showImageEffects":true,"showParticleSystems":true,"showVisualEffectGraphs":true,"m_FxEnabled":true},"in2DMode":false,"pivot":{"x":197.46890258789063,"y":174.08383178710938,"z":-15.618623733520508},"rotation":{"x":-0.27854886651039126,"y":-0.21933750808238984,"z":0.06463497132062912,"w":-0.9334605932235718},"size":7.071069240570068,"orthographic":false}