{"cameraMode":{"drawMode":0,"name":"Shaded","section":"Shading Mode"},"sceneLighting":true,"audioPlay":false,"sceneViewState":{"showFog":true,"showMaterialUpdate":false,"showSkybox":true,"showFlares":true,"showImageEffects":true,"showParticleSystems":true,"showVisualEffectGraphs":true,"m_FxEnabled":true},"in2DMode":false,"pivot":{"x":1101.6578369140625,"y":-438.23626708984377,"z":1341.7008056640625},"rotation":{"x":-0.17950037121772767,"y":-0.014501483179628849,"z":-0.0003722688998095691,"w":-0.9844639897346497},"size":789.752685546875,"orthographic":false}