{"cameraMode":{"drawMode":0,"name":"Shaded","section":"Shading Mode"},"sceneLighting":true,"audioPlay":false,"sceneViewState":{"showFog":true,"showMaterialUpdate":false,"showSkybox":true,"showFlares":true,"showImageEffects":true,"showParticleSystems":true,"showVisualEffectGraphs":true,"m_FxEnabled":true},"in2DMode":false,"pivot":{"x":101.36627960205078,"y":102.89917755126953,"z":1019.1913452148438},"rotation":{"x":-0.07234823703765869,"y":0.27454566955566409,"z":-0.026338128373026849,"w":-0.9594189524650574},"size":710.255126953125,"orthographic":false}