{"cameraMode":{"drawMode":0,"name":"Shaded","section":"Shading Mode"},"sceneLighting":true,"audioPlay":false,"sceneViewState":{"showFog":true,"showMaterialUpdate":false,"showSkybox":true,"showFlares":true,"showImageEffects":true,"showParticleSystems":true,"showVisualEffectGraphs":true,"m_FxEnabled":true},"in2DMode":false,"pivot":{"x":799.1175537109375,"y":-220.11582946777345,"z":854.6314697265625},"rotation":{"x":0.12643827497959138,"y":0.41567710041999819,"z":-0.058619700372219089,"w":0.8988547325134277},"size":562.2977905273438,"orthographic":false}