{"cameraMode":{"drawMode":0,"name":"Shaded","section":"Shading Mode"},"sceneLighting":false,"audioPlay":false,"sceneViewState":{"showFog":true,"showMaterialUpdate":false,"showSkybox":false,"showFlares":true,"showImageEffects":true,"showParticleSystems":true,"showVisualEffectGraphs":true,"m_FxEnabled":true},"in2DMode":false,"pivot":{"x":1.6097025871276856,"y":0.353145569562912,"z":-1.9456731081008912},"rotation":{"x":0.04824637249112129,"y":-0.33887454867362978,"z":0.01739916205406189,"w":0.9394503235816956},"size":1.2247449159622193,"orthographic":false}